substance         , method   , mse_mean, mse_std, mae_mean, mae_std, rmse_mean, rmse_std, r2_mean, r2_std
Thiamethoxam      , SMART-NIR,   0.027 ,  0.006 ,   4.8339,  1.0901,   27.0214,   4.3362, 85.15  ,   3.45
Permethrin        , SMART-NIR,   0.0165,  0.0018,   8.9153,  0.5426,   33.1013,   1.581 , 85.05  ,   1.28
Metalaxyl         , SMART-NIR,   0.0007,  0.0007,   0.0002,  0.0001,    0.0011,   0.0006, 99.67  ,   0.34
Azoxystrobin      , SMART-NIR,   0.0075,  0.0009,  13.9549,  1.9094,   66.6037,   6.2974, 90.63  ,   1.64
Imidaclopird      , SMART-NIR,   0.0285,  0.0039,   1.0808,  0.107 ,    2.9361,   0.1632, 83.44  ,   2.01
Difenoconazole    , SMART-NIR,   0.0074,  0.002 ,   4.5391,  0.549 ,   24.5454,   4.2167, 93.65  ,   2.12
Cypermethrin      , SMART-NIR,   0.013 ,  0.0035,   0.0641,  0.0094,    0.2029,   0.0262, 92.93  ,   1.81
Cyhalothrin       , SMART-NIR,   0.0055,  0.0021,   0.001 ,  0.0004,    0.0043,   0.0009, 97.26  ,   1.03
Chlorantraniliprol, SMART-NIR,   0.0128,  0.0041,   0.0003,  0.0001,    0.0013,   0.0002, 93.61  ,   1.85
Chlopyrifos Methyl, SMART-NIR,   0.0002,  0.0001,   0.0   ,  0.0   ,    0.0001,   0.0   , 99.92  ,   0.05
Emamectin benzoate, SMART-NIR,   0.0209,  0.0035,   0.3184,  0.0363,    0.905 ,   0.0686, 85.43  ,   2.15
Chlorothalonil    , SMART-NIR,   0.0152,  0.0014, 401.5271, 25.129 , 1022.5161,  53.5651, 65.96  ,   3.64
Cyantraniliprole  , SMART-NIR,   0.0042,  0.0008,   3.6823,  0.2369,    7.9257,   0.3707, 94.37  ,   0.52
Indoxacarb        , SMART-NIR,   0.0175,  0.003 ,   0.1663,  0.0268,    0.6137,   0.0688, 90.1   ,   2.18
Abamectin         , SMART-NIR,   0.0112,  0.0011,   0.3592,  0.0218,    0.784 ,   0.0218, 90.84  ,   0.57
Chlothianidin     , SMART-NIR,   0.0218,  0.005 ,   4.9885,  0.6829,   23.2192,   2.6473, 86.4   ,   2.73
Thiamethoxam      , EBAR     ,   1.0569,  0.0785,  18.7153,  1.4337,   72.7274,   3.5201, -6.93  ,   0.44
Permethrin        , EBAR     ,   1.0878,  0.2455,  36.9184,  0.4510,   92.3663,   1.0156, -16.23 ,   2.94
Metalaxyl         , EBAR     ,   0.0114,  0.0067,   0.0005,  0.0004,    0.0019,   0.0009, 99.15  ,   0.71
Azoxystrobin      , EBAR     ,   1.2326,  0.0725,  87.2246,  2.2645,  234.9479,   7.2961, -15.70 ,   0.16
Imidaclopird      , EBAR     ,   1.0058,  0.0520,   4.1252,  0.1387,    7.1240,   0.4589, 2.61   ,  11.71
Difenoconazole    , EBAR     ,   1.3759,  0.0805,  37.7655,  0.6804,  105.6126,   1.3682, -14.23 ,   0.36
Cypermethrin      , EBAR     ,   1.1662,  0.2342,   0.5172,  0.0647,    0.7981,   0.0636, -8.22  ,  18.01
Cyhalothrin       , EBAR     ,   0.0462,  0.0122,   0.0014,  0.0003,    0.0045,   0.0006, 97.12  ,   0.83
Chlorantraniliprol, EBAR     ,   0.0077,  0.0097,   0.0001,  0.0000,    0.0004,   0.0003, 99.22  ,   1.01
Chlopyrifos Methyl, EBAR     ,   0.0054,  0.0041,   0.0000,  0.0000,    0.0002,   0.0001, 99.48  ,   0.34
Emamectin benzoate, EBAR     ,   0.6058,  0.0650,   1.1847,  0.0713,    2.0940,   0.1229, 22.15  ,   8.88
Chlorothalonil    , EBAR     ,   0.7169,  0.1152, 885.4783, 40.3464, 1879.9294,  85.3285, -14.83 ,   8.78
Cyantraniliprole  , EBAR     ,   0.3394,  0.0929,  13.5383,  3.1252,   20.1591,   3.9669, 62.24  ,  15.87
Indoxacarb        , EBAR     ,   1.1485,  0.0853,   1.1875,  0.0168,    2.1503,   0.0423, -20.04 ,   4.76
Abamectin         , EBAR     ,   0.3247,  0.0767,   1.1712,  0.2026,    1.7161,   0.2555, 55.15  ,  13.91
Chlothianidin     , EBAR     ,   0.9632,  0.2087,  25.0505,  3.8549,   64.7088,   1.5310, -4.89  ,   6.08
Thiamethoxam      , NirMACNet,   0.0205,  0.0023,   3.2456,  0.4730,   21.1706,   2.8196, 90.88  ,   1.87
Permethrin        , NirMACNet,   0.0162,  0.0016,   9.6550,  0.5343,   32.7451,   0.8838, 85.39  ,   0.76
Metalaxyl         , NirMACNet,   0.0007,  0.0003,   0.0003,  0.0000,    0.0013,   0.0003, 99.66  ,   0.13
Azoxystrobin      , NirMACNet,   0.0073,  0.0009,  16.0666,  1.1070,   66.5563,   3.5551, 90.64  ,   1.24
Imidaclopird      , NirMACNet,   0.0178,  0.0014,   0.9181,  0.0303,    2.5156,   0.1157, 87.87  ,   1.11
Difenoconazole    , NirMACNet,   0.0061,  0.0017,   5.2223,  0.5699,   23.4756,   3.3880, 94.23  ,   1.61
Cypermethrin      , NirMACNet,   0.0095,  0.0014,   0.0616,  0.0043,    0.1755,   0.0136, 94.77  ,   0.79
Cyhalothrin       , NirMACNet,   0.0038,  0.0016,   0.0009,  0.0002,    0.0036,   0.0008, 98.09  ,   0.78
Chlorantraniliprol, NirMACNet,   0.0140,  0.0044,   0.0005,  0.0002,    0.0014,   0.0002, 93.05  ,   1.96
Chlopyrifos Methyl, NirMACNet,   0.0012,  0.0008,   0.0001,  0.0000,    0.0002,   0.0001, 99.41  ,   0.34
Emamectin benzoate, NirMACNet,   0.0172,  0.0031,   0.3243,  0.0347,    0.8286,   0.0661, 87.78  ,   1.94
Chlorothalonil    , NirMACNet,   0.0165,  0.0021, 419.8315, 18.5724, 1002.8123,  27.9985, 67.34  ,   1.70
Cyantraniliprole  , NirMACNet,   0.0055,  0.0012,   4.5677,  0.1668,    8.8087,   0.3625, 93.05  ,   0.54
Indoxacarb        , NirMACNet,   0.0120,  0.0032,   0.1362,  0.0301,    0.4823,   0.0749, 93.82  ,   1.81
Abamectin         , NirMACNet,   0.0099,  0.0012,   0.3571,  0.0232,    0.7388,   0.0428, 91.84  ,   0.98
Chlothianidin     , NirMACNet,   0.0154,  0.0043,   3.1800,  0.4363,   15.4000,   2.6023, 93.93  ,   1.84
Thiamethoxam      , XSpecMamba,   0.0419,  0.0070,   6.6857,  0.4610,   32.5526,   1.6195, 78.46  ,   2.20
Permethrin        , XSpecMamba,   0.0412,  0.0030,  16.6218,  0.9202,   49.6127,   1.8100, 66.45  ,   2.20
Metalaxyl         , XSpecMamba,   0.0068,  0.0057,   0.0010,  0.0006,    0.0038,   0.0015, 96.66  ,   2.65
Azoxystrobin      , XSpecMamba,   0.0164,  0.0024,  24.3468,  2.0852,   90.6740,   8.1300, 82.75  ,   2.16
Imidaclopird      , XSpecMamba,   0.0490,  0.0017,   1.6799,  0.0306,    3.7770,   0.0558, 72.71  ,   0.72
Difenoconazole    , XSpecMamba,   0.0156,  0.0028,   8.0935,  0.6638,   32.0530,   3.8488, 89.34  ,   2.51
Cypermethrin      , XSpecMamba,   0.0287,  0.0049,   0.1284,  0.0109,    0.2940,   0.0268, 85.31  ,   2.62
Cyhalothrin       , XSpecMamba,   0.0099,  0.0036,   0.0014,  0.0005,    0.0059,   0.0011, 95.05  ,   1.81
Chlorantraniliprol, XSpecMamba,   0.0556,  0.0172,   0.0012,  0.0003,    0.0027,   0.0004, 72.08  ,   8.63
Chlopyrifos Methyl, XSpecMamba,   0.0123,  0.0036,   0.0002,  0.0000,    0.0008,   0.0001, 93.73  ,   2.18
Emamectin benzoate, XSpecMamba,   0.0469,  0.0048,   0.5479,  0.0308,    1.2380,   0.0641, 72.81  ,   2.86
Chlorothalonil    , XSpecMamba,   0.0477,  0.0047, 575.8791, 22.7547, 1263.2921,  24.9585, 48.16  ,   2.33
Cyantraniliprole  , XSpecMamba,   0.0160,  0.0024,   6.3287,  0.2665,   12.2271,   0.6234, 86.59  ,   1.47
Indoxacarb        , XSpecMamba,   0.0377,  0.0056,   0.2999,  0.0223,    0.8361,   0.0780, 81.70  ,   3.43
Abamectin         , XSpecMamba,   0.0270,  0.0020,   0.5536,  0.0195,    1.0564,   0.0340, 83.37  ,   1.12
Chlothianidin     , XSpecMamba,   0.0223,  0.0032,   5.9076,  0.7441,   24.3124,   2.2772, 85.07  ,   2.98
