substance         , method    , mse_mean, mse_std, mae_mean, mae_std, rmse_mean, rmse_std, r2_mean, r2_std
Thiamethoxam      , SMART-NIR ,   0.0191,  0.0038,   3.2988,  0.5753,   19.2359,   1.8187, 93.86  ,   0.94
Permethrin        , SMART-NIR ,   0.0062,  0.0013,   8.0288,  0.5146,   27.7778,   2.1303, 90.9   ,   1.39
Metalaxyl         , SMART-NIR ,   0.0005,  0.0007,   0.0002,  0.0001,    0.0008,   0.0008, 99.75  ,   0.36
Azoxystrobin      , SMART-NIR ,   0.0071,  0.0011,   9.6002,  0.6367,   51.7167,   5.1994, 94.21  ,   1.46
Imidaclopird      , SMART-NIR ,   0.0199,  0.0049,   0.0003,  0.0001,    0.0009,   0.0001, 90.06  ,   2.46
Difenoconazole    , SMART-NIR ,   0.0097,  0.0018,   6.0016,  1.1095,   30.0197,   4.615 , 92.25  ,   2.12
Cypermethrin      , SMART-NIR ,   0.0425,  0.0052,   0.1399,  0.0134,    0.3119,   0.0228, 79.26  ,   3.18
Cyhalothrin       , SMART-NIR ,   0.0058,  0.0018,   0.0011,  0.0002,    0.0047,   0.0008, 97.12  ,   0.91
Chlorantraniliprol, SMART-NIR ,   0.0369,  0.0029,   0.0008,  0.0001,    0.0023,   0.0001, 81.52  ,   1.62
Chlopyrifos Methyl, SMART-NIR ,   0.0003,  0.0005,   0.0   ,  0.0   ,    0.0001,   0.0001, 99.88  ,   0.24
Chlorothalonil    , SMART-NIR ,   0.0103,  0.0026,   0.3464,  0.0829,    1.145 ,   0.1335, 92.65  ,   1.65
Indoxacarb        , SMART-NIR ,   0.0103,  0.0023,   0.1316,  0.0192,    0.5487,   0.0649, 93.96  ,   1.4
Abamectin         , SMART-NIR ,   0.0132,  0.0021,   0.2775,  0.0375,    0.8891,   0.0692, 91.32  ,   1.37
Chlothianidin     , SMART-NIR ,   0.0067,  0.002 ,   3.3219,  1.1437,   13.4277,   4.2189, 96.51  ,   2.0
Thiamethoxam      , EBAR      ,   1.0832,  0.0654,  22.2568,  1.1642,   80.8703,   2.5992, -8.11  ,   0.39
Permethrin        , EBAR      ,   0.5110,  0.1085,  41.5114,  1.1532,   97.4109,   2.1648, -11.32 ,   3.19
Metalaxyl         , EBAR      ,   0.0010,  0.0019,   0.0002,  0.0000,    0.0005,   0.0006, 99.90  ,   0.19
Azoxystrobin      , EBAR      ,   0.4246,  0.1298,  79.5027,  3.2754,  214.6996,   8.3706, 2.48   ,   5.69
Imidaclopird      , EBAR      ,   0.0114,  0.0057,   0.0001,  0.0001,    0.0003,   0.0001, 98.85  ,   0.57
Difenoconazole    , EBAR      ,   0.8822,  0.0475,  41.5186,  1.4754,  107.5764,   3.6089, 2.43   ,   6.21
Cypermethrin      , EBAR      ,   0.3835,  0.0343,   0.2557,  0.0130,    0.4754,   0.0220, 52.04  ,   4.34
Cyhalothrin       , EBAR      ,   0.0407,  0.0295,   0.0028,  0.0010,    0.0053,   0.0018, 96.01  ,   2.86
Chlorantraniliprol, EBAR      ,   0.0103,  0.0039,   0.0002,  0.0000,    0.0005,   0.0001, 98.98  ,   0.38
Chlopyrifos Methyl, EBAR      ,   0.0000,  0.0000,   0.0000,  0.0000,    0.0000,   0.0000, 100.00 ,   0.00
Chlorothalonil    , EBAR      ,   0.0456,  0.0059,   1.0018,  0.0711,    1.8704,   0.0792, 80.61  ,   1.62
Indoxacarb        , EBAR      ,   0.2369,  0.1799,   0.4750,  0.3386,    0.7676,   0.5727, 81.88  ,  26.65
Abamectin         , EBAR      ,   1.1358,  0.0334,   2.4060,  0.0350,    3.5783,   0.0213, -39.73 ,   1.67
Chlothianidin     , EBAR      ,   1.2230,  0.3021,  19.9852,  4.2276,   38.4744,   5.3029, 73.50  ,   7.90
Thiamethoxam      , XSpecMamba,   0.0062,  0.0019,   1.9701,  0.3316,   12.9208,   2.3908, 97.16  ,   0.86
Permethrin        , XSpecMamba,   0.0115,  0.0008,  10.1028,  0.4844,   33.3419,   1.3095, 86.93  ,   1.10
Metalaxyl         , XSpecMamba,   0.0019,  0.0015,   0.0004,  0.0001,    0.0021,   0.0008, 99.06  ,   0.74
Azoxystrobin      , XSpecMamba,   0.0040,  0.0009,   8.6044,  1.2134,   36.7380,   6.1146, 97.06  ,   1.01
Imidaclopird      , XSpecMamba,   0.0064,  0.0014,   0.0002,  0.0000,    0.0005,   0.0001, 96.81  ,   0.69
Difenoconazole    , XSpecMamba,   0.0046,  0.0008,   4.8254,  0.2776,   21.9340,   3.3640, 95.85  ,   1.17
Cypermethrin      , XSpecMamba,   0.0091,  0.0015,   0.0461,  0.0038,    0.1462,   0.0145, 95.43  ,   0.84
Cyhalothrin       , XSpecMamba,   0.0032,  0.0011,   0.0007,  0.0002,    0.0035,   0.0007, 98.39  ,   0.57
Chlorantraniliprol, XSpecMamba,   0.0217,  0.0041,   0.0005,  0.0001,    0.0018,   0.0002, 89.14  ,   2.18
Chlopyrifos Methyl, XSpecMamba,   0.0007,  0.0006,   0.0000,  0.0000,    0.0001,   0.0001, 99.67  ,   0.29
Chlorothalonil    , XSpecMamba,   0.0053,  0.0009,   0.2473,  0.0186,    0.7966,   0.0670, 96.47  ,   0.58
Indoxacarb        , XSpecMamba,   0.0055,  0.0018,   0.0842,  0.0203,    0.3845,   0.0617, 97.00  ,   0.95
Abamectin         , XSpecMamba,   0.0022,  0.0011,   0.0684,  0.0234,    0.3418,   0.0785, 98.66  ,   0.55
Chlothianidin     , XSpecMamba,   0.0039,  0.0014,   2.8961,  0.5233,   12.0238,   2.0307, 97.39  ,   0.86
Thiamethoxam      , NirMACNet ,   0.0178,  0.0029,   3.5632,  0.5088,   18.2984,   1.7681, 94.42  ,   1.00
Permethrin        , NirMACNet ,   0.0208,  0.0100,  13.4180,  2.3269,   36.8094,   3.7821, 83.89  ,   3.50
Metalaxyl         , NirMACNet ,   0.0003,  0.0002,   0.0002,  0.0001,    0.0008,   0.0004, 99.86  ,   0.13
Azoxystrobin      , NirMACNet ,   0.0104,  0.0039,  15.0980,  4.4474,   61.1078,  11.0972, 91.72  ,   3.44
Imidaclopird      , NirMACNet ,   0.0198,  0.0096,   0.0004,  0.0001,    0.0009,   0.0002, 90.12  ,   4.78
Difenoconazole    , NirMACNet ,   0.0077,  0.0009,   5.0657,  0.3665,   21.0552,   1.8016, 96.22  ,   0.73
Cypermethrin      , NirMACNet ,   0.0276,  0.0009,   0.1115,  0.0026,    0.2383,   0.0048, 87.97  ,   0.53
Cyhalothrin       , NirMACNet ,   0.0051,  0.0038,   0.0014,  0.0007,    0.0042,   0.0016, 97.42  ,   1.90
Chlorantraniliprol, NirMACNet ,   0.0467,  0.0242,   0.0015,  0.0006,    0.0025,   0.0006, 76.51  ,  12.59
Chlopyrifos Methyl, NirMACNet ,   0.0002,  0.0003,   0.0000,  0.0000,    0.0001,   0.0001, 99.92  ,   0.16
Chlorothalonil    , NirMACNet ,   0.0142,  0.0032,   0.5137,  0.0863,    1.2358,   0.0873, 91.51  ,   1.20
Indoxacarb        , NirMACNet ,   0.0198,  0.0020,   0.2732,  0.0149,    0.7842,   0.0449, 87.80  ,   1.34
Abamectin         , NirMACNet ,   0.0070,  0.0014,   0.2106,  0.0206,    0.6582,   0.0587, 95.23  ,   0.84
Chlothianidin     , NirMACNet ,   0.0107,  0.0064,   3.6373,  0.7557,   13.0702,   2.3429, 96.90  ,   1.12
