substance, method    , mse_mean, mse_std, mae_mean, mae_std, rmse_mean, rmse_std, r2_mean, r2_std
N_content, SMART-NIR ,   0.1721,  0.0257,   0.2840,  0.0166,    0.4137,   0.0307,   91.99,   1.31
N_content, EBAR      ,   0.0557,  0.0084,   0.1666,  0.0114,    0.2352,   0.0186,   97.41,   0.42
N_content, NirMACNet ,   0.1670,  0.0503,   0.2831,  0.0403,    0.4044,   0.0588,   92.20,   2.50
N_content, XSpecMamba,   0.1154,  0.0175,   0.2426,  0.0245,    0.3388,   0.0253,   94.59,   0.89
C_content, SMART-NIR ,   2.1609,  0.2794,   0.9627,  0.0470,    1.4669,   0.0954,   73.27,   2.65
C_content, EBAR      ,   1.5634,  0.2950,   0.7416,  0.0144,    1.2450,   0.1162,   80.73,   2.61
C_content, NirMACNet ,   1.8654,  0.3053,   0.9148,  0.0489,    1.3615,   0.1089,   76.83,   3.57
C_content, XSpecMamba,   1.7126,  0.2975,   0.8080,  0.0602,    1.3035,   0.1167,   78.85,   1.48
N_content, CSSE-MT   ,   0.1020,  0.0107,   0.2227,  0.0122,    0.3190,   0.0168,   95.26,   0.38
C_content, CSSE-MT   ,   1.2092,  0.1561,   0.7146,  0.0282,    1.0974,   0.0696,   85.02,   2.30
